target_rel_sem,N_optimal,N_adaptive,efficiency,achieved_rel_sem,wall_s,mean,variance_ref
0.100000,1338,1440,0.929167,0.099186,0.2421,-0.26377800,0.93042210
0.050000,5349,6040,0.885596,0.049914,0.9608,-0.26377800,0.93042210
0.020000,33431,33120,1.009390,0.019990,5.2791,-0.26377800,0.93042210
0.010000,133723,135060,0.990101,0.010000,22.2762,-0.26377800,0.93042210
0.005000,534889,532880,1.003770,0.005000,83.1898,-0.26377800,0.93042210
0.002000,3343051,3332400,1.003196,0.002000,515.6866,-0.26377800,0.93042210
0.001000,13372201,5000000,2.674440,0.001632,772.1377,-0.26377800,0.93042210
