observable,label,mean,variance,sigma,sigma_over_absmean
Pe,"Population Pe",0.33414691,0.07700595,0.27749947,0.83047144
sz,"sigma_z",-0.33307334,0.30986081,0.55665142,1.67125783
sx,"sigma_x",0.00000000,0.00000000,0.00000000,707036.07050843
Pg,"Ground state Pg",0.67129768,0.07619278,0.27603039,0.41118926
